,119,,Building Break Down,Rack Turn-Down,Rack Turn-Up,Total Racks Per Building,,,,,,,,,,,,,,,,,,,,,,
Racks In Position,63,,ATN1,3,2,5,,,Color Guide,,,,,,,,,,,,,,,,,,,
Racks Pending Position,51,,ATN2,8,0,8,,,ISSUE,,,,,,,,,,,,,,,,,,,
SLC Completed,46,,ATN3,64,0,64,,,HIGH-PRI ,,,,,,,,,,,,,,,,,,,
Racks Pending L2+ Audit Completion,54,,ATN4,0,0,0,,,Good/Completed,,,,,,,,,,,,,,,,,,,
Work % Complete,45.40%,,ATN5,2,10,12,,,,,,,,,,,,,,,,,,,,,,
,,,ATN6,42,2,44,,,,,,,,,,,,,,,,,,,,,,
,,,ATN7,0,97,97,,,,,,,,,,,,,,,,,,,,,,
,,,,,,,,,,,,,,,,,,,,,,,,,,,,
Team #,Set or Decom ,Type of Move,Rack SN,From Data Center,Rack Source Location,V ,To Data Center,Rack Final Destination,QR Code for Destination,Un-set / Un-Level / Recontain Complete (DECOM),In Position (Rack Delivered to Final Position (IBOS),SLC (SET),L2+ Audit Complete (IBOS),Notes,Issue Tracker,,Time Stamp,,,,,,,,,,,
Milestone,Decom and Set,Rack Move,50331546,ATN6,ATN6.6C.19B.28,,ATN7,ATN7.7A.11.01,,TRUE,TRUE,TRUE,TRUE,"Decom, IBOS Move, Set",Still plugged in,Just need to un-set so we can move at later date,,,,,,,,,,,,
Milestone,Decom and Set,Rack Move,50132489,ATN2,ATN2.2A.16B.16,,ATN5,ATN5.5D.11B.08,,TRUE,TRUE,TRUE,TRUE,"Decom, IBOS Move, Set",,NEED TO AUDIT ONLY,,,,,,,,,,,,
Milestone,Decom and Set,Rack Move,50122211,atn3,atn3.3c.13b.19,,ATN5,ATN5.5D.05F.10,,TRUE,TRUE,TRUE,TRUE,"Decom, IBOS Move, Set",,Moved on 2/14,,,,,,,,,,,,
Commonwealth,Decom and Set,Rack Move,11661066,ATN6,ATN6.6A.11B.23,,ATN7,ATN7.7A.25.35,,TRUE,TRUE,TRUE,TRUE,"Decom, IBOS Move, Set",,RACK MOVES FOR 2/14,,,,,,,,,,,,
Commonwealth,Decom and Set,Rack Move,50331546,ATN6,ATN6.6C.19B.28,,ATN7,ATN7.7A.11.01,,TRUE,TRUE,TRUE,TRUE,"Decom, IBOS Move, Set",,RACK MOVES FOR 2/14,,,,,,,,,,,,
Commonwealth,Decom and Set,Rack Move,50187948,ATN6,ATN6.6C.22F.26,,ATN7,ATN7.7A.11.02,,TRUE,TRUE,TRUE,TRUE,"Decom, IBOS Move, Set",,RACK MOVES FOR 2/14,,,,,,,,,,,,
Commonwealth,Decom and Set,Rack Move,50387944,ATN6,ATN6.6C.28B.03,,ATN7,ATN7.7A.56.05,,TRUE,TRUE,TRUE,TRUE,"Decom, IBOS Move, Set",,RACK MOVES FOR 2/14,,,,,,,,,,,,
Commonwealth,Decom and Set,Rack Move,50282541,ATN3,ATN3.3A.07F.02,,ATN7,ATN7.7A.64.01,,TRUE,TRUE,TRUE,TRUE,"Decom, IBOS Move, Set",,Moved on 2/14,,,,,,,,,,,,
Commonwealth,Decom and Set,Rack Move,12497296,ATN3,ATN3.3A.10F.15,,ATN7,ATN7.7A.67.34,,TRUE,TRUE,TRUE,TRUE,"Decom, IBOS Move, Set",,Moved on 2/14,,,,,,,,,,,,
Commonwealth,Decom and Set,Rack Move,50350783,ATN3,ATN3.3A.10F.17,,ATN7,ATN7.7A.68.01,,TRUE,TRUE,TRUE,TRUE,"Decom, IBOS Move, Set",,Moved on 2/14,,,,,,,,,,,,
Commonwealth,Decom and Set,Rack Move,50184523,ATN3,ATN3.3A.13B.01,,ATN7,ATN7.7A.14.37,,TRUE,TRUE,TRUE,TRUE,"Decom, IBOS Move, Set",,Moved on 2/14,,,,,,,,,,,,
Commonwealth,Decom and Set,Rack Move,12494719,ATN3,ATN3.3A.13F.14,,ATN7,ATN7.7A.66.31,,TRUE,TRUE,TRUE,TRUE,"Decom, IBOS Move, Set",,Moved on 2/14,,,,,,,,,,,,
Commonwealth,Decom and Set,Rack Move,50350801,ATN3,ATN3.3A.19F.09,,ATN7,ATN7.7A.65.39,,TRUE,TRUE,TRUE,TRUE,"Decom, IBOS Move, Set",,Moved on 2/14,,,,,,,,,,,,
Commonwealth,Decom and Set,Rack Move,50283423,ATN3,ATN3.3A.21F.16,,ATN7,ATN7.7A.27.39,,TRUE,TRUE,TRUE,TRUE,"Decom, IBOS Move, Set",,Moved on 2/14,,,,,,,,,,,,
Commonwealth,Decom and Set,Rack Move,12494703,ATN3,ATN3.3A.22f.13,,ATN7,ATN7.7A.68.38,,TRUE,TRUE,TRUE,TRUE,"Decom, IBOS Move, Set",,Moved on 2/14,,,,,,,,,,,,
Commonwealth,Decom and Set,Rack Move,11526564,ATN3,ATN3.3D.13F.08,,ATN7,ATN7.7A.09.06,,TRUE,TRUE,TRUE,TRUE,"Decom, IBOS Move, Set",,Rack move on 2/18,,,,,,,,,,,,
Commonwealth,Decom and Set,Rack Move,12493312,ATN3,ATN3.3D.22B.03,,ATN7,ATN7.7A.08.07,,TRUE,TRUE,TRUE,TRUE,"Decom, IBOS Move, Set",,Rack move on 2/18,,,,,,,,,,,,
Commonwealth,Decom and Set,Rack Move,50159671,ATN3,ATN3.3C.07B.13,,ATN7,ATN7.7A.22.29,,TRUE,TRUE,TRUE,TRUE,"Decom, IBOS Move, Set",,Rack move on 2/18,,,,,,,,,,,,
Commonwealth,Decom and Set,Rack Move,50132206,ATN3,ATN3.3C.23F.10,,ATN7,ATN7.7A.20.34,,TRUE,TRUE,TRUE,TRUE,"Decom, IBOS Move, Set",,Rack move on 2/18,,,,,,,,,,,,
Commonwealth,Decom and Set,Rack Move,50159945,ATN3,ATN3.3A.17B.09,,ATN7,ATN7.7A.61.05,,TRUE,TRUE,TRUE,TRUE,"Decom, IBOS Move, Set",,Rack move on 2/18,,,,,,,,,,,,
Commonwealth,Decom and Set,Rack Move,50163123,ATN3,ATN3.3A.27F.19,,ATN7,ATN7.7A.61.03,,TRUE,TRUE,TRUE,TRUE,"Decom, IBOS Move, Set",Replaced back leg,Rack move on 2/18,,,,,,,,,,,,
Commonwealth,Decom and Set,Rack Move,50332656,ATN3,ATN3.3A.27F.22,,ATN7,ATN7.7A.62.39,,TRUE,TRUE,TRUE,TRUE,"Decom, IBOS Move, Set",,Rack move on 2/18,,,,,,,,,,,,
Commonwealth,Decom and Set,Rack Move,50126965,ATN3,ATN3.3C.11B.12,,ATN7,ATN7.7A.16.12,,TRUE,TRUE,TRUE,TRUE,"Decom, IBOS Move, Set",,Rack move on 2/18,,,,,,,,,,,,
Commonwealth,Decom and Set,Rack Move,50160121,ATN3,ATN3.3C.14B.03,,ATN7,ATN7.7A.27.13,,TRUE,TRUE,TRUE,TRUE,"Decom, IBOS Move, Set",,Rack move on 2/18,,,,,,,,,,,,
Commonwealth,Decom and Set,Rack Move,50197608,ATN3,ATN3.3C.18F.03,,ATN7,ATN7.7A.13.38,,TRUE,TRUE,TRUE,TRUE,"Decom, IBOS Move, Set",,Rack move on 2/18,,,,,,,,,,,,
Commonwealth,Decom and Set,Rack Move,50159504,ATN3,ATN3.3C.24F.05,,ATN7,ATN7.7A.23.37,,TRUE,TRUE,TRUE,TRUE,"Decom, IBOS Move, Set",,Rack move on 2/18,,,,,,,,,,,,
Commonwealth,Decom and Set,Rack Move,50408366,ATN3,ATN3.3B.13F.06,,ATN7,ATN7.7A.26.23,,TRUE,TRUE,TRUE,TRUE,"Decom, IBOS Move, Set",,Rack move on 2/18,,,,,,,,,,,,
Commonwealth,Decom and Set,Rack Move,50432905,ATN3,ATN3.3B.12F.17,,ATN7,ATN7.7A.24.01,,TRUE,TRUE,TRUE,TRUE,"Decom, IBOS Move, Set",,Rack move on 2/18,,,,,,,,,,,,
Commonwealth,Decom and Set,Rack Move,50423146,ATN3,ATN3.3D.14F.15,,ATN7,ATN7.7A.13.19,,TRUE,TRUE,TRUE,TRUE,"Decom, IBOS Move, Set",,Rack move on 2/18,,,,,,,,,,,,
Commonwealth,Decom and Set,Rack Move,50423126,ATN3,ATN3.3B.08F.05,,ATN7,ATN7.7A.23.02,,TRUE,TRUE,TRUE,TRUE,"Decom, IBOS Move, Set",,Rack move on 2/18,,,,,,,,,,,,
Commonwealth,Decom and Set,Rack Move,50408349,ATN3,ATN3.3B.09F.14,,ATN7,ATN7.7A.26.26,,TRUE,TRUE,TRUE,TRUE,"Decom, IBOS Move, Set",,Rack move on 2/18,,,,,,,,,,,,
Commonwealth,Decom and Set,Rack Move,50417102,ATN3,ATN3.3B.11F.01,,ATN7,ATN7.7A.26.01,,TRUE,TRUE,TRUE,TRUE,"Decom, IBOS Move, Set",,Rack move on 2/18,,,,,,,,,,,,
Commonwealth,Decom and Set,Rack Move,50417941,ATN3,ATN3.3B.08F.02,,ATN7,ATN7.7A.23.01,,TRUE,TRUE,FALSE,FALSE,"Decom, IBOS Move, Set",,Rack move on 2/18,,,,,,,,,,,,
Commonwealth,Decom and Set,Rack Move,50400074,ATN3,ATN3.3B.09F.20,,ATN7,ATN7.7A.28.23,,TRUE,TRUE,FALSE,FALSE,"Decom, IBOS Move, Set",,2ND RACK MOVE S ON 2/18,,,,,,,,,,,,
Commonwealth,Decom and Set,Rack Move,50122684,ATN3,ATN3.3D.16B.15,,ATN7,ATN7.7A.65.13,,TRUE,TRUE,FALSE,FALSE,"Decom, IBOS Move, Set",,2ND RACK MOVE S ON 2/18,,,,,,,,,,,,
Commonwealth,Decom and Set,Rack Move,50159575,ATN3,ATN3.3D.17F.09,,ATN7,ATN7.7A.07.22,,TRUE,TRUE,FALSE,FALSE,"Decom, IBOS Move, Set",,2ND RACK MOVE S ON 2/18,,,,,,,,,,,,
Commonwealth,Decom and Set,Rack Move,50122288,ATN3,ATN3.3D.22F.08,,ATN7,ATN7.7A.63.33,,TRUE,TRUE,TRUE,TRUE,"Decom, IBOS Move, Set",,2ND RACK MOVE S ON 2/18,,,,,,,,,,,,
Commonwealth,Decom and Set,Rack Move,50416360,ATN3,ATN3.3B.09F.02,,ATN7,ATN7.7A.28.06,,TRUE,TRUE,FALSE,FALSE,"Decom, IBOS Move, Set",,2ND RACK MOVE S ON 2/18,,,,,,,,,,,,
Commonwealth,Decom and Set,Rack Move,50408315,ATN3,ATN3.3B.11F.15,,ATN7,ATN7.7A.26.11,,TRUE,TRUE,TRUE,TRUE,"Decom, IBOS Move, Set",,2ND RACK MOVE S ON 2/18,,,,,,,,,,,,
Commonwealth,Decom and Set,Rack Move,50122279,ATN3,ATN3.3C.14B.12,,ATN7,ATN7.7A.12.24,,TRUE,TRUE,TRUE,TRUE,"Decom, IBOS Move, Set",,2ND RACK MOVE S ON 2/18,,,,,,,,,,,,
Commonwealth,Decom and Set,Rack Move,50187409,ATN3,ATN3.3D.10F.15,,ATN7,ATN7.7A.64.28,,TRUE,TRUE,TRUE,TRUE,"Decom, IBOS Move, Set",,2ND RACK MOVE S ON 2/18,,,,,,,,,,,,
Commonwealth,Decom and Set,Rack Move,50126953,ATN3,ATN3.3D.16F.21,,ATN7,ATN7.7A.66.26,,TRUE,TRUE,FALSE,FALSE,"Decom, IBOS Move, Set",,2ND RACK MOVE S ON 2/18,,,,,,,,,,,,
Commonwealth,Decom and Set,Rack Move,50122275,ATN3,ATN3.3D.24F.02,,ATN7,ATN7.7A.13.01,,TRUE,TRUE,FALSE,FALSE,"Decom, IBOS Move, Set",,2ND RACK MOVE S ON 2/18,,,,,,,,,,,,
Commonwealth,Decom and Set,Rack Move,50187397,ATN3,ATN3.3D.07B.12,,ATN7,ATN7.7A.10.39,,TRUE,TRUE,TRUE,TRUE,"Decom, IBOS Move, Set",,2ND RACK MOVE S ON 2/18,,,,,,,,,,,,
Commonwealth,Decom and Set,Rack Move,50187351,ATN3,ATN3.3D.29F.08,,ATN7,ATN7.7A.10.36,,TRUE,TRUE,TRUE,TRUE,"Decom, IBOS Move, Set",,2ND RACK MOVE S ON 2/18,,,,,,,,,,,,
Commonwealth,Decom and Set,Rack Move,50132037,ATN3,ATN3.3C.24F.17,,ATN7,ATN7.7A.27.07,,TRUE,TRUE,TRUE,TRUE,"Decom, IBOS Move, Set",,2ND RACK MOVE S ON 2/18,,,,,,,,,,,,
Commonwealth,Decom and Set,Rack Move,50292440,ATN3,ATN3.3C.29B.05,,ATN7,ATN7.7A.28.37,,TRUE,TRUE,TRUE,TRUE,"Decom, IBOS Move, Set",,2ND RACK MOVE S ON 2/18,,,,,,,,,,,,
Commonwealth,Decom and Set,Rack Move,50121361,ATN3,ATN3.3D.17B.12,,ATN7,ATN7.7A.07.37,,TRUE,TRUE,TRUE,TRUE,"Decom, IBOS Move, Set",,2ND RACK MOVE S ON 2/18,,,,,,,,,,,,
Commonwealth,Decom and Set,Rack Move,50121411,ATN3,ATN3.3D.17F.03,,ATN7,ATN7.7A.07.03,,TRUE,TRUE,TRUE,TRUE,"Decom, IBOS Move, Set",,2ND RACK MOVE S ON 2/18,,,,,,,,,,,,
Commonwealth,Decom and Set,Rack Move,50323924,ATN3,ATN3.3D.26F.17,,ATN7,ATN7.7A.05.36,,TRUE,TRUE,TRUE,TRUE,"Decom, IBOS Move, Set",,2ND RACK MOVE S ON 2/18,,,,,,,,,,,,
Milestone,Decom and Set,Rack Move,50126959,ATN3,ATN3.3A.08F.16,,ATN7,ATN7.7A.23.36,,TRUE,FALSE,FALSE,FALSE,"Decom, IBOS Move, Set",,Unable to move on 2/18 due to aisle being blocked off ,,,,,,,,,,,,
Commonwealth,Decom and Set,Rack Move,50195981,ATN3,ATN3.3A.12F.13,,ATN7,ATN7.7A.58.02,,TRUE,TRUE,FALSE,FALSE,"Decom, IBOS Move, Set",,Moved 2/18,,,,,,,,,,,,
Commonwealth,Decom and Set,Rack Move,50131145,ATN3,ATN3.3A.16B.09,,ATN7,ATN7.7A.27.10,,TRUE,TRUE,FALSE,FALSE,"Decom, IBOS Move, Set",,Moved 2/18,,,,,,,,,,,,
Commonwealth,Decom and Set,Rack Move,50187091,ATN3,ATN3.3A.16B.10,,ATN7,ATN7.7A.26.10,,TRUE,TRUE,FALSE,FALSE,"Decom, IBOS Move, Set",,Moved 2/18,,,,,,,,,,,,
Milestone,Decom and Set,Rack Move,50403169,ATN6,ATN6.6A.09F.23,,ATN7,ATN7.7A.16.17,,TRUE,FALSE,FALSE,FALSE,"Decom, IBOS Move, Set",,Need un-set to be moved at later date,,,,,,,,,,,,
Milestone,Decom and Set,Rack Move,50416072,ATN6,ATN6.6A.17F.24,,ATN7,ATN7.7A.23.22,,TRUE,FALSE,FALSE,FALSE,"Decom, IBOS Move, Set",,Need un-set to be moved at later date,,,,,,,,,,,,
Milestone,Decom and Set,Rack Move,50416000,ATN6,ATN6.6A.19F.24,,ATN7,ATN7.7A.09.11,,TRUE,FALSE,FALSE,FALSE,"Decom, IBOS Move, Set",,Need un-set to be moved at later date,,,,,,,,,,,,
Milestone,Decom and Set,Rack Move,50415967,ATN6,ATN6.6A.30F.23,,ATN7,ATN7.7A.64.32,,TRUE,FALSE,FALSE,FALSE,"Decom, IBOS Move, Set",,Need un-set to be moved at later date,,,,,,,,,,,,
Milestone,Decom and Set,Rack Move,50400073,ATN6,ATN6.6B.08F.22,,ATN7,ATN7.7A.58.03,,TRUE,FALSE,FALSE,FALSE,"Decom, IBOS Move, Set",,Need un-set to be moved at later date,,,,,,,,,,,,
Milestone,Decom and Set,Rack Move,50307218,ATN6,ATN6.6B.10F.13,,ATN7,ATN7.7A.54.38,,TRUE,FALSE,FALSE,FALSE,"Decom, IBOS Move, Set",,Need un-set to be moved at later date,,,,,,,,,,,,
Milestone,Decom and Set,Rack Move,50417080,ATN6,ATN6.6B.13B.05,,ATN7,ATN7.7A.08.36,,TRUE,FALSE,FALSE,FALSE,"Decom, IBOS Move, Set",,Need un-set to be moved at later date,,,,,,,,,,,,
Milestone,Decom and Set,Rack Move,11661101,ATN6,ATN6.6B.14B.10,,ATN7,ATN7.7A.58.09,,TRUE,FALSE,FALSE,FALSE,"Decom, IBOS Move, Set",,Need un-set to be moved at later date,,,,,,,,,,,,
Milestone,Decom and Set,Rack Move,50400081,ATN6,ATN6.6B.14B.14,,ATN7,ATN7.7A.58.06,,TRUE,FALSE,FALSE,FALSE,"Decom, IBOS Move, Set",,Need un-set to be moved at later date,,,,,,,,,,,,
Milestone,Decom and Set,Rack Move,50282464,ATN6,ATN6.6B.16F.23,,ATN7,ATN7.7A.54.12,,TRUE,FALSE,FALSE,FALSE,"Decom, IBOS Move, Set",,Need un-set to be moved at later date,,,,,,,,,,,,
Milestone,Decom and Set,Rack Move,50307776,ATN6,ATN6.6B.19F.12,,ATN7,ATN7.7A.06.15,,TRUE,FALSE,FALSE,FALSE,"Decom, IBOS Move, Set",,Need un-set to be moved at later date,,,,,,,,,,,,
Milestone,Decom and Set,Rack Move,11661081,ATN6,ATN6.6B.21F.23,,ATN7,ATN7.7A.67.30,,TRUE,FALSE,FALSE,FALSE,"Decom, IBOS Move, Set",,Need un-set to be moved at later date,,,,,,,,,,,,
Milestone,Decom and Set,Rack Move,11689023,ATN6,ATN6.6B.22B.20,,ATN7,ATN7.7A.08.24,,TRUE,FALSE,FALSE,FALSE,"Decom, IBOS Move, Set",,Need un-set to be moved at later date,,,,,,,,,,,,L
Milestone,Decom and Set,Rack Move,50282782,ATN6,ATN6.6B.23B.07,,ATN7,ATN7.7A.58.11,,TRUE,FALSE,FALSE,FALSE,"Decom, IBOS Move, Set",,Need un-set to be moved at later date,,,,,,,,,,,,
Milestone,Decom and Set,Rack Move,50437505,ATN6,ATN6.6B.28F.23,,ATN7,ATN7.7A.08.28,,TRUE,FALSE,FALSE,FALSE,"Decom, IBOS Move, Set",,Need un-set to be moved at later date,,,,,,,,,,,,
Milestone,Decom and Set,Rack Move,50417556,ATN6,ATN6.6D.08F.03,,ATN7,ATN7.7A.45.14,,TRUE,FALSE,FALSE,FALSE,"Decom, IBOS Move, Set",,Need un-set to be moved at later date,,,,,,,,,,,,
Milestone,Decom and Set,Rack Move,50282545,ATN6,ATN6.6D.09B.10,,ATN7,ATN7.7A.56.04,,TRUE,FALSE,FALSE,FALSE,"Decom, IBOS Move, Set",,Need un-set to be moved at later date,,,,,,,,,,,,
Milestone,Decom and Set,Rack Move,50282335,ATN6,ATN6.6D.10F.26,,ATN7,ATN7.7A.45.19,,TRUE,FALSE,FALSE,FALSE,"Decom, IBOS Move, Set",,Need un-set to be moved at later date,,,,,,,,,,,,
Milestone,Decom and Set,Rack Move,11527662,ATN6,ATN6.6D.15B.22,,ATN7,ATN7.7A.54.03,,TRUE,FALSE,FALSE,FALSE,"Decom, IBOS Move, Set",,Need un-set to be moved at later date,,,,,,,,,,,,
Milestone,Decom and Set,Rack Move,50307235,ATN6,ATN6.6D.17B.05,,ATN7,ATN7.7A.45.11,,TRUE,FALSE,FALSE,FALSE,"Decom, IBOS Move, Set",,Need un-set to be moved at later date,,,,,,,,,,,,
Milestone,Decom and Set,Rack Move,50322441,ATN6,ATN6.6D.17F.17,,ATN7,ATN7.7A.45.20,,TRUE,FALSE,FALSE,FALSE,"Decom, IBOS Move, Set",,Need un-set to be moved at later date,,,,,,,,,,,,
Milestone,Decom and Set,Rack Move,11527234,ATN6,ATN6.6D.18B.09,,ATN7,ATN7.7A.53.35,,TRUE,FALSE,FALSE,FALSE,"Decom, IBOS Move, Set",,Need un-set to be moved at later date,,,,,,,,,,,,
Milestone,Decom and Set,Rack Move,50423141,ATN6,ATN6.6D.21F.05,,ATN7,ATN7.7A.56.02,,TRUE,FALSE,FALSE,FALSE,"Decom, IBOS Move, Set",,Need un-set to be moved at later date,,,,,,,,,,,,
Milestone,Decom and Set,Rack Move,11685512,ATN6,ATN6.6D.21F.23,,ATN7,ATN7.7A.53.37,,TRUE,FALSE,FALSE,FALSE,"Decom, IBOS Move, Set",,Need un-set to be moved at later date,,,,,,,,,,,,
Milestone,Decom and Set,Rack Move,12493182,ATN6,ATN6.6D.22B.22,,ATN7,ATN7.7A.45.15,,TRUE,FALSE,FALSE,FALSE,"Decom, IBOS Move, Set",,Need un-set to be moved at later date,,,,,,,,,,,,
Milestone,Decom and Set,Rack Move,50432867,ATN6,ATN6.6D.22F.01,,ATN7,ATN7.7A.45.18,,TRUE,FALSE,FALSE,FALSE,"Decom, IBOS Move, Set",,Need un-set to be moved at later date,,,,,,,,,,,,
Milestone,Decom and Set,Rack Move,50433735,ATN6,ATN6.6D.24F.14,,ATN7,ATN7.7A.53.06,,TRUE,FALSE,FALSE,FALSE,"Decom, IBOS Move, Set",,Need un-set to be moved at later date,,,,,,,,,,,,
Milestone,Decom and Set,Rack Move,50287407,ATN6,ATN6.6D.24F.16,,ATN7,ATN7.7A.53.07,,TRUE,FALSE,FALSE,FALSE,"Decom, IBOS Move, Set",,Need un-set to be moved at later date,,,,,,,,,,,,
Milestone,Decom and Set,Rack Move,12492828,ATN6,ATN6.6D.28F.12,,ATN7,ATN7.7A.49.07,,TRUE,FALSE,FALSE,FALSE,"Decom, IBOS Move, Set",,Need un-set to be moved at later date,,,,,,,,,,,,
Milestone,Decom and Set,Rack Move,50205894,ATN1,ATN1.1B.24F.26,,ATN5,ATN5.5D.23B.13,,TRUE,FALSE,FALSE,FALSE,"Decom, IBOS Move, Set",,,,,,,,,,,,,,
Milestone,Decom and Set,Rack Move,50130999,ATN1,ATN1.1B.27F.22,,ATN5,ATN5.5D.03B.21,,TRUE,FALSE,FALSE,FALSE,"Decom, IBOS Move, Set",,,,,,,,,,,,,,
Milestone,Decom and Set,Rack Move,50131046,ATN1,ATN1.1B.28F.23,,ATN5,ATN5.5D.08F.09,,TRUE,FALSE,FALSE,FALSE,"Decom, IBOS Move, Set",,,,,,,,,,,,,,
Milestone,Decom and Set,Rack Move,,,,,,,,FALSE,FALSE,FALSE,FALSE,"Decom, IBOS Move, Set",,,,,,,,,,,,,,
Milestone,Decom and Set,Rack Move,50171058,ATN2,ATN2.2A.19B.24,,ATN5,ATN5.5B.28B.09,,TRUE,FALSE,FALSE,FALSE,"Decom, IBOS Move, Set",,,,,,,,,,,,,,
Milestone,Decom and Set,Rack Move,50132575,ATN2,ATN2.2A.32B.26,,ATN5,ATN5.5D.09B.14,,TRUE,FALSE,FALSE,FALSE,"Decom, IBOS Move, Set",,,,,,,,,,,,,,
Milestone,Decom and Set,Rack Move,50165982,ATN2,ATN2.2B.33F.28,,ATN5,ATN5.5B.14B.08,,TRUE,FALSE,FALSE,FALSE,"Decom, IBOS Move, Set",,,,,,,,,,,,,,
Milestone,Decom and Set,Rack Move,,,,,,,,FALSE,FALSE,FALSE,FALSE,"Decom, IBOS Move, Set",,,,,,,,,,,,,,
Milestone,Decom and Set,Rack Move,50182428,ATN3,ATN3.3A.09F.01,,ATN7,ATN7.7A.59.02,,FALSE,FALSE,FALSE,FALSE,"Decom, IBOS Move, Set",Area blocked off by red tape by maintenance,Area blocked off by red tape by maintenance could not move 2/18,,,,,,,,,,,,
Milestone,Decom and Set,Rack Move,50283589,ATN3,ATN3.3A.09F.19,,ATN7,ATN7.7A.17.01,,TRUE,FALSE,FALSE,FALSE,"Decom, IBOS Move, Set",,,,,,,,,,,,,,
Commonwealth,Decom and Set,Rack Move,12497363,ATN3,ATN3.3A.18F.13,,ATN7,ATN7.7A.17.38,,TRUE,TRUE,FALSE,FALSE,"Decom, IBOS Move, Set",,2/18 Move Added,,,,,,,,,,,,
Commonwealth,Decom and Set,Rack Move,12497275,ATN3,ATN3.3A.21F.12,,ATN7,ATN7.7A.22.18,,TRUE,TRUE,FALSE,FALSE,"Decom, IBOS Move, Set",,2/18 Move Added,,,,,,,,,,,,
Commonwealth,Decom and Set,Rack Move,50187255,ATN3,ATN3.3B.29B.02,,ATN7,ATN7.7A.20.05,,TRUE,TRUE,FALSE,FALSE,"Decom, IBOS Move, Set",,2/18 Move Added,,,,,,,,,,,,
Commonwealth,Decom and Set,Rack Move,50160205,ATN3,ATN3.3C.16F.06,,ATN7,ATN7.7A.65.09,,TRUE,TRUE,FALSE,FALSE,"Decom, IBOS Move, Set",,2/18 Move Added,,,,,,,,,,,,
Commonwealth,Decom and Set,Rack Move,50159741,ATN3,ATN3.3C.23B.12,,ATN7,ATN7.7A.24.35,,TRUE,TRUE,FALSE,FALSE,"Decom, IBOS Move, Set",,2/18 Move Added,,,,,,,,,,,,
Milestone,Decom and Set,Rack Move,50135106,ATN3,ATN3.3C.26B.06,,ATN1,ATN1.1C.26F.01,,TRUE,FALSE,FALSE,FALSE,"Decom, IBOS Move, Set",,,,,,,,,,,,,,
Milestone,Decom and Set,Rack Move,50334629,ATN3,ATN3.3C.28B.21,,ATN6,ATN6.6A.29B.26,,TRUE,FALSE,FALSE,FALSE,"Decom, IBOS Move, Set",,,,,,,,,,,,,,
Milestone,Decom and Set,Rack Move,50135105,ATN3,ATN3.3D.14B.01,,ATN1,ATN1.1A.11B.02,,TRUE,FALSE,FALSE,FALSE,"Decom, IBOS Move, Set",,,,,,,,,,,,,,
Milestone,Decom and Set,Rack Move,50333401,ATN3,ATN3.3D.17B.07,,ATN6,ATN6.6B.08F.27,,TRUE,FALSE,FALSE,FALSE,"Decom, IBOS Move, Set",,,,,,,,,,,,,,
Commonwealth,Decom and Set,Rack Move,50122073,ATN3,ATN3.3D.19F.15,,ATN7,ATN7.7A.68.17,,TRUE,TRUE,FALSE,FALSE,"Decom, IBOS Move, Set",,2/18 Move Added,,,,,,,,,,,,
Commonwealth,Decom and Set,Rack Move,50324678,ATN3,ATN3.3D.20F.08,,ATN7,ATN7.7A.07.28,,TRUE,TRUE,TRUE,TRUE,"Decom, IBOS Move, Set",,2/18 Move Added,,,,,,,,,,,,
Commonwealth,Decom and Set,Rack Move,50122063,ATN3,ATN3.3D.28B.21,,ATN7,ATN7.7A.65.20,,TRUE,TRUE,FALSE,FALSE,"Decom, IBOS Move, Set",,2/18 Move Added,,,,,,,,,,,,
Milestone,Decom and Set,Rack Move,,,,,,,,FALSE,FALSE,FALSE,FALSE,"Decom, IBOS Move, Set",,,,,,,,,,,,,,
Milestone,Decom and Set,Rack Move,50432977,ATN6,ATN6.6B.08B.06,,ATN7,ATN7.7A.09.15,,TRUE,FALSE,FALSE,FALSE,"Decom, IBOS Move, Set",,,,,,,,,,,,,,
Milestone,Decom and Set,Rack Move,50417642,ATN6,ATN6.6B.10F.02,,ATN7,ATN7.7A.06.26,,TRUE,FALSE,FALSE,FALSE,"Decom, IBOS Move, Set",,,,,,,,,,,,,,
Milestone,Decom and Set,Rack Move,11661121,ATN6,ATN6.6B.24B.24,,ATN7,ATN7.7A.10.03,,TRUE,FALSE,FALSE,FALSE,"Decom, IBOS Move, Set",,,,,,,,,,,,,,
Milestone,Decom and Set,Rack Move,50437609,ATN6,ATN6.6B.25F.24,,ATN7,ATN7.7A.05.21,,TRUE,FALSE,FALSE,FALSE,"Decom, IBOS Move, Set",,,,,,,,,,,,,,
Milestone,Decom and Set,Rack Move,50076140,ATN6,ATN6.6C.11F.02,,ATN5,ATN5.5B.10F.01,,TRUE,TRUE,TRUE,TRUE,"Decom, IBOS Move, Set",,,,,,,,,,,,,,
Milestone,Decom and Set,Rack Move,50135336,ATN6,ATN6.6C.18B.07,,ATN7,ATN7.7A.15.30,,TRUE,FALSE,FALSE,FALSE,"Decom, IBOS Move, Set",,,,,,,,,,,,,,
Milestone,Decom and Set,Rack Move,50083189,ATN6,ATN6.6D.18B.24,,ATN5,ATN5.5D.04F.21,,TRUE,TRUE,TRUE,TRUE,"Decom, IBOS Move, Set",,,,,,,,,,,,,,
Milestone,Decom and Set,Rack Move,50367148,ATN6,ATN6.6D.19F.23,,ATN7,ATN7.7A.13.23,,TRUE,FALSE,FALSE,FALSE,"Decom, IBOS Move, Set",,,,,,,,,,,,,,
Milestone,Decom Only,Rack Decom,50018131,ATN2,ATN2.2D.12B.17,,,,,TRUE,,,TRUE,Decom Only,,new ,,,,,,,,,,,,
Milestone,Decom Only,Rack Decom,50014555,ATN2,ATN2.2D.19F.26,,,,,TRUE,,,TRUE,Decom Only,,new ,,,,,,,,,,,,
Milestone,Decom Only,Rack Decom,50017500,ATN2,ATN2.2D.31B.05,,,,,TRUE,,,TRUE,Decom Only,,new ,,,,,,,,,,,,
Milestone,Decom Only,Rack Decom,50017015,ATN2,ATN2.2D.32F.23,,,,,TRUE,,,TRUE,Decom Only,,new ,,,,,,,,,,,,
Milestone,Decom Only,Rack Decom,50009487,ATN3,ATN3.3A.16F.23,,,,,TRUE,,,TRUE,Decom Only,,new ,,,,,,,,,,,,
Milestone,Decom Only,Rack Decom,50010014,ATN3,ATN3.3B.08F.22,,,,,TRUE,,,TRUE,Decom Only,,new ,,,,,,,,,,,,
Milestone,Decom Only,Rack Decom,50034152,ATN5,ATN5.5D.10B.13,,,,,TRUE,,,TRUE,Decom Only,,new ,,,,,,,,,,,,
Milestone,Decom Only,Rack Decom,50032882,ATN5,ATN5.5D.19B.06,,,,,TRUE,,,TRUE,Decom Only,,new ,,,,,,,,,,,,
